name,price,url
Подвесной светильник Сансет Black,4190,/product/podvesnoj-svetilnik-sanset-black
Торшер Билли Black,14 490,/product/torsher-billi-black
Подвесной светильник Бабл-9,16 490,/product/podvesnoj-svetilnik-babl-9
Торшер Бабл-1,6190,/product/torsher-babl-1
Подвесной светильник Бабл-3,6190,/product/podvesnoj-svetilnik-babl-3
Бра Бабл Black,1990,/product/bra-babl-black
Настольная лампа Дэнди Black,3590,/product/nastolnaya-lampa-dendi-black
Настольная лампа Дэнди White,3590,/product/nastolnaya-lampa-dendi-white
Торшер Варио White,4990,/product/torsher-vario-white
Бра Варио Black,990,/product/bra-vario-black
,,/category/sad-i-dacha
Бра Варио White,990,/product/bra-vario-white
Подвесной светильник Сансет White,4190,/product/podvesnoj-svetilnik-sanset-white
Подвесной светильник Кэндел Black,2690,/product/podvesnoj-svetilnik-kendel-black
Подвесной светильник Кэндел White,2690,/product/podvesnoj-svetilnik-kendel-white
Торшер Вена Beige,9990,/product/torsher-vena-beige
Настольная лампа Сфера Orange,4990,/product/nastolnaya-lampa-sfera-orange
Торшер Осло Black,15 990,/product/torsher-oslo-black
Подвесной светильник Кая Black,2590,/product/podvesnoj-svetilnik-kaya-black
Торшер Вена Black,9990,/product/torsher-vena-black
Подвесной светильник Кая White,2590,/product/podvesnoj-svetilnik-kaya-white
Торшер Осло White,15 990,/product/torsher-oslo-white
Настольная лампа Гровер Glass,3990,/product/nastolnaya-lampa-grover-glass
Настольная лампа Сфера Black,3990,/product/nastolnaya-lampa-sfera-black
Настольная лампа Машрум Grey,3990,/product/nastolnaya-lampa-mashrum-grey
Настольная лампа Спайк Green,990,/product/nastolnaya-lampa-spajk-green
Настольная лампа Клауд White,11 590,/product/nastolnaya-lampa-klaud-white
Настольная лампа Рэй Black,2990,/product/nastolnaya-lampa-rej-black
Торшер Рэй White,3590,/product/torsher-rej-white
Торшер Рэй Black,4990,/product/torsher-rej-black
Настольная лампа Спайк Orange,790,/product/nastolnaya-lampa-spajk-orange
Подвесной светильник Портланд Black,2590,/product/podvesnoj-svetilnik-portland-black
Настольная лампа Гросс White,3590,/product/nastolnaya-lampa-gross-white
Торшер Мун Black,5990,/product/torsher-mun-black
Торшер Билли White,13 390,/product/torsher-billi-white
Торшер Варио Black,6190,/product/torsher-vario-black
Настольная лампа Раффи Round,4990,/product/nastolnaya-lampa-raffi-round
Торшер Гросс White,5990,/product/torsher-gross-white
Торшер Раффи Round,9490,/product/torsher-raffi-round
Бра Moderli Alina,3390,/product/bra-moderli-alina
Подвесной светильник Маро Green,11 690,/product/podvesnoj-svetilnik-maro-green
Настольная лампа Рэй White,2590,/product/nastolnaya-lampa-rej-white
Бра Tarbes-2,3290,/product/bra-tarbes-2
Светильник потолочный Matthew,4990,/product/svetilnik-potolochnyj-matthew
Настольная лампа Junior-4,2990,/product/nastolnaya-lampa-junior-4
Спот Лайт-1 Black,2390,/product/spot-lajt-1-black
Настольная лампа Junior-3,3870,/product/nastolnaya-lampa-junior-3
Настольная лампа Junior-1,3990,/product/nastolnaya-lampa-junior-1
Подвесной светильник Milligan,5490,/product/podvesnoj-svetilnik-milligan
